{
  "msgBloqueioAlteraSenhaUsuario": "¡No es posible cambiar la contraseña de un usuario bloqueado o inactivo!",
  "msgSenhaAtualNaoConfere": "¡La contraseña actual no coincide con la ya registrada!",
  "logSenhaAlterada": "Contraseña cambiada",
  "msgJaExisteUsuarioComEMail": "¡Ya hay un Usuario registrado con este E-Mail!",
  "tituloMSgNovoAcesso": "Nuevo acceso",
  "logUsuarioAtivado": "Usuario activado",
  "logUsuarioBloqueado": "Usuario bloqueado",
  "logUsuarioInativado": "Usuario inactivado",
  "tituloMSgReenvioSenha": "Contraseña de acceso",
  "logReenvioSenhaEMail": "Contraseña reenviada por correo electrónico",
  "msgUsuarioIncluidoPerfil": "Usuario incluido en el Perfil {0}",
  "msgUsuarioExcluidoPerfil": "Usuario eliminado del perfil {0}",
  "msgUsuarioJaInclusoPerfil": "¡Este Usuario ya está asociado con este Perfil!",
  "msgRetornoEnvioEMail": "Devolver correo electrónico: {0}"
}
