{
  "msgBloqueioAlteraSenhaUsuario": "It is not possible to change the password of a locked or inactive user!",
  "msgSenhaAtualNaoConfere": "The current password does not match the one already registered!",
  "logSenhaAlterada": "Password changed",
  "msgJaExisteUsuarioComEMail": "There is already a User registered with this E-Mail!",
  "tituloMSgNovoAcesso": "New access",
  "logUsuarioAtivado": "User activated",
  "logUsuarioBloqueado": "Blocked user",
  "logUsuarioInativado": "Inactivated user",
  "tituloMSgReenvioSenha": "Access password",
  "logReenvioSenhaEMail": "Password resent by email",
  "msgUsuarioIncluidoPerfil": "User included in the Profile {0}",
  "msgUsuarioExcluidoPerfil": "User deleted from Profile {0}",
  "msgUsuarioJaInclusoPerfil": "This User is already associated with this Profile!",
  "msgRetornoEnvioEMail": "Return email: {0}"
}
